question_id,no_answers
7719,2
8174,2
8024,2
7992,2
7121,2
1924,2
7007,2
9764,2
6270,2
10352,2
9354,2
6070,2
7686,2
7203,2
10276,2
8603,2
201,2
10428,2
7355,2
10746,2
6447,2
6001,2
10600,2
5922,2
6382,2
10315,2
9266,2
8433,2
7651,2
10053,2
6190,2
6219,2
9913,2
8745,2
9676,2
10496,2
8212,2
8657,2
9440,2
9488,2
7754,2
6038,2
8063,2
11086,2
7237,2
9397,2
8877,2
8841,2
10961,2
6885,2
9058,2
9307,2
7490,2
10531,2
7788,2
6351,2
7312,2
10997,2
10637,2
7273,2
8513,2
10830,2
7613,2
9218,2
8909,2
6969,2
7578,2
8477,2
10391,2
8549,2
7854,2
6114,2
8239,2
7960,2
9025,2
8812,2
10676,2
3605,2
7529,2
11122,2
3168,2
6762,2
847,2
4825,2
380,2
1034,2
617,2
11660,2
4165,2
4065,2
3732,2
11333,2
4696,2
4740,2
1747,2
3514,2
3212,2
241,2
986,2
4330,2
9809,2
6309,2
4658,2
4428,2
2024,2
2807,2
6577,2
8700,2
8944,2
4019,2
1790,2
426,2
2408,2
4118,2
11217,2
2367,2
3427,2
3254,2
4473,2
3294,2
4786,2
10867,2
3825,2
2765,2
3685,2
11039,2
4850,2
3879,2
3926,2
3780,2
1376,2
9215,2
5671,2
7043,2
8097,2
10827,2
891,2
1550,2
8510,2
1258,2
7818,2
10707,2
1431,2
10528,2
10958,2
8906,2
10243,2
11555,2
10388,2
10312,2
10789,2
10425,2
810,2
7487,2
6444,2
3083,2
5885,2
11780,2
2067,2
11586,2
7957,2
8874,2
3000,2
3043,2
1525,2
11706,2
2846,2
4847,2
7270,2
1082,2
9096,2
5798,2
2955,2
4930,2
8777,2
2476,2
7575,2
8941,2
1110,2
2613,2
11262,2
1672,2
5955,2
8236,2
10563,2
7989,2
1102,2
4470,2
7526,2
665,2
288,2
11522,2
5165,2
1133,2
1957,2
10673,2
1575,2
11489,2
6618,2
11404,2
11622,2
4294,2
9806,2
1193,2
2649,2
1458,2
342,2
2254,2
11739,2
5842,2
11657,2
11083,2
2539,2
10050,2
3124,2
11330,2
5586,2
555,2
2405,2
7004,2
10493,2
1402,2
5274,2
6720,2
708,2
10456,2
10273,2
5761,2
5045,2
461,2
8209,2
11814,2
7441,2
9957,2
8135,2
2907,2
2723,2
1879,2
5343,2
3468,2
6882,2
3209,2
6348,2
377,2
9394,2
3424,2
4115,2
6111,2
3682,2
7352,2
9304,2
8546,2
8386,2
238,2
5310,2
983,2
1326,2
3777,2
4693,2
9577,2
11036,2
8430,2
6759,2
11168,2
2180,2
5195,2
3291,2
8060,2
4896,2
7919,2
10743,2
7785,2
4559,2
157,2
11370,2
9855,2
4520,2
8171,2
4327,2
2322,2
3602,2
2021,2
5414,2
3382,2
6526,2
8346,2
5998,2
3644,2
9351,2
5126,2
7648,2
9437,2
3876,2
9531,2
7118,2
3332,2
11214,2
5519,2
4822,2
9716,2
3,2
4062,2
3923,2
9485,2
4257,2
6922,2
10186,2
6267,2
9171,2
4605,2
8474,2
7154,2
7234,2
8600,2
6843,2
3822,2
1224,2
2804,2
1139,2
9128,2
6670,2
2576,2
8979,2
3973,2
844,2
2364,2
8021,2
7751,2
4783,2
5483,2
3251,2
9263,2
3165,2
933,2
4655,2
8654,2
4391,2
6067,2
1787,2
9910,2
5446,2
6306,2
9618,2
4162,2
198,2
3311,2
3991,2
7372,2
3620,2
3894,2
3662,2
3841,2
7594,2
10654,2
8227,2
7547,2
8719,2
8925,2
4442,2
7174,2
10516,2
6737,2
3700,2
8961,2
8154,2
9284,2
9114,2
3485,2
7220,2
7329,2
52,2
8117,2
10410,2
6821,2
6861,2
5975,2
3531,2
4034,2
8623,2
6,2
494,2
210,2
7631,2
6545,2
128,2
3353,2
3794,2
7289,2
586,2
291,2
345,2
11832,2
10696,2
10262,2
8798,2
9149,2
9827,2
10549,2
10118,2
8450,2
8530,2
9000,2
11103,2
9782,2
10729,2
10371,2
8296,2
10074,2
10334,2
11142,2
11800,2
11725,2
11761,2
11236,2
8492,2
8282,2
11680,2
9977,2
8266,2
8324,2
10764,2
10206,2
11542,2
10177,2
9874,2
8248,2
11605,2
10295,2
10887,2
4183,2
11574,2
10619,2
10444,2
9551,2
11390,2
11422,2
11465,2
9640,2
11352,2
8408,2
10028,2
10850,2
8366,2
2860,2
2457,2
6461,2
1972,2
2380,2
828,2
5096,2
2270,2
544,2
3059,2
767,2
572,2
137,2
361,2
2303,2
5463,2
1804,2
5399,2
1392,2
797,2
2703,2
5858,2
1049,2
2083,2
1000,2
4994,2
1937,2
1540,2
5250,2
2236,2
2556,2
1687,2
5732,2
1159,2
2522,2
6128,2
2003,2
509,2
5536,2
218,2
5062,2
2423,2
1898,2
2198,2
1274,2
2120,2
1653,2
2973,2
1472,2
5938,2
2158,2
1446,2
2338,2
5776,2
3018,2
5605,2
5899,2
6053,2
8220,2
682,2
2740,2
728,2
98,2
479,2
1499,2
1847,2
4866,2
4912,2
2038,2
1242,2
1564,2
602,2
1719,2
2666,2
7867,2
6497,2
4077,2
4538,2
10545,2
6368,2
10883,2
6984,2
7410,2
6943,2
1621,2
10691,2
11817,2
11709,2
8442,2
10279,2
7732,2
11625,2
11558,2
10725,2
7767,2
11742,2
11525,2
11589,2
5433,2
5212,2
4630,2
443,2
3142,2
10807,2
11225,2
177,2
11783,2
11265,2
7094,2
4347,2
5031,2
397,2
8243,2
6398,2
11138,2
8395,2
7834,2
5181,2
11448,2
10939,2
10226,2
7664,2
11373,2
5974,2
5146,2
6898,2
11184,2
7458,2
3270,2
10752,2
10614,2
4308,2
10650,2
10509,2
6281,2
10318,2
7971,2
8349,2
4576,2
3101,2
11346,2
7699,2
10837,2
8036,2
7800,2
6639,2
4275,2
11759,2
4181,2
2627,2
9693,2
10694,2
3223,2
3351,2
8856,2
11056,2
8998,2
6424,2
680,2
10582,2
3529,2
8448,2
4375,2
4440,2
9638,2
3746,2
10158,2
7803,2
10408,2
5431,2
9371,2
9504,2
254,2
2779,2
9825,2
726,2
9325,2
3792,2
10204,2
2554,2
10442,2
8490,2
5094,2
11572,2
9235,2
10810,2
8673,2
11798,2
3579,2
11388,2
9414,2
8152,2
10617,2
10942,2
10116,2
3181,2
11313,2
306,2
1497,2
5534,2
10332,2
11830,2
10514,2
11140,2
3309,2
11280,2
11603,2
11189,2
795,2
5210,2
632,2
8528,2
5179,2
4622,2
9147,2
3268,2
9872,2
9112,2
3892,2
9780,2
3397,2
11463,2
11506,2
10978,2
10474,2
10293,2
4344,2
11540,2
4709,2
8568,2
2664,2
10652,2
10026,2
9456,2
7218,2
3440,2
7252,2
8891,2
6819,2
7172,2
5461,2
8364,2
9931,2
6459,2
5498,2
9190,2
3989,2
6940,2
6285,2
10885,2
8280,2
7023,2
8008,2
7461,2
5730,2
4864,2
8247,2
4311,2
4946,2
7327,2
9975,2
6013,2
8115,2
11014,2
10072,2
7287,2
6200,2
11678,2
8189,2
6592,2
7667,2
7097,2
4753,2
7974,2
7869,2
4992,2
4032,2
6901,2
5603,2
6981,2
4228,2
5812,2
6859,2
4535,2
6395,2
765,2
6166,2
8294,2
6126,2
7063,2
7735,2
4579,2
8078,2
8322,2
4488,2
2701,2
1845,2
7629,2
6084,2
7413,2
6051,2
4910,2
4079,2
9073,2
8337,2
5972,2
6231,2
7702,2
5640,2
6735,2
10762,2
9282,2
4407,2
6687,2
7770,2
6320,2
8308,2
7592,2
4684,2
9122,2
8687,2
9339,2
9609,2
10417,2
11075,2
415,2
10302,2
2356,2
11362,2
8015,2
9996,2
3243,2
3863,2
5475,2
6834,2
9899,2
484,2
4813,2
7111,2
2245,2
3769,2
72,2
9843,2
4597,2
6486,2
40,2
4154,2
11548,2
10089,2
4774,2
11613,2
3460,2
3374,2
10484,2
1947,2
4356,2
2796,2
10590,2
9475,2
3414,2
454,2
5408,2
8802,2
6996,2
11480,2
9251,2
2469,2
8898,2
2132,2
7949,2
5038,2
1980,2
1868,2
9706,2
10234,2
11732,2
3814,2
5546,2
2607,2
11698,2
10626,2
2869,2
7912,2
11159,2
10663,2
10779,2
7981,2
516,2
803,2
4007,2
2396,2
2901,2
7262,2
836,2
7146,2
108,2
8970,2
11205,2
4840,2
4202,2
10266,2
3074,2
2947,2
7071,2
11026,2
9795,2
8831,2
5219,2
8644,2
740,2
699,2
4920,2
6793,2
5371,2
5910,2
5833,2
8202,2
8588,2
9522,2
4417,2
7603,2
5707,2
7035,2
1249,2
5613,2
7386,2
6955,2
11397,2
4645,2
3033,2
4249,2
4965,2
6060,2
7710,2
4105,2
7341,2
6873,2
1519,2
10857,2
4464,2
1132,2
2096,2
9567,2
1184,2
8731,2
2642,2
6339,2
3118,2
5116,2
5334,2
11110,2
5300,2
548,2
8467,2
5876,2
1369,2
6611,2
7565,2
2014,2
6142,2
7812,2
4549,2
11435,2
5664,2
7845,2
4886,2
6177,2
9947,2
10912,2
6913,2
1735,2
8164,2
1628,2
5003,2
5792,2
8089,2
772,2
6469,2
10037,2
5752,2
1319,2
11514,2
5069,2
2993,2
7519,2
11648,2
276,2
8500,2
9294,2
1662,2
6256,2
3636,2
5070,2
10780,2
10418,2
9844,2
9948,2
9252,2
4775,2
4841,2
3675,2
3864,2
3963,2
1820,2
974,2
4646,2
9751,2
3244,2
700,2
2397,2
924,2
9997,2
9610,2
1217,2
9568,2
3461,2
2246,2
9662,2
9796,2
3721,2
4288,2
3915,2
4106,2
277,2
656,2
9476,2
6101,2
10235,2
3555,2
3595,2
5512,2
9086,2
6143,2
5476,2
6794,2
8645,2
6028,2
5948,2
6209,2
10913,2
6751,2
6178,2
7147,2
11206,2
8501,2
5877,2
9295,2
5547,2
11027,2
5911,2
7263,2
6564,2
5614,2
8589,2
5753,2
7036,2
6997,2
8688,2
7112,2
3503,2
5793,2
10038,2
11436,2
6835,2
8378,2
5708,2
9011,2
6612,2
5579,2
4178,2
4706,2
9037,2
3437,2
505,2
567,2
9109,2
11137,2
4485,2
8955,2
3615,2
8920,2
8525,2
1205,2
10367,2
4751,2
9690,2
475,2
9822,2
11828,2
10329,2
11796,2
10511,2
9322,2
11460,2
8792,2
3937,2
2300,2
1934,2
10155,2
10724,2
8888,2
1684,2
10690,2
4076,2
10114,2
3266,2
3837,2
7541,2
11311,2
3348,2
11053,2
11277,2
10938,2
11570,2
11537,2
6979,2
4130,2
597,2
1843,2
9411,2
2232,2
11674,2
15,2
438,2
6633,2
3743,2
8487,2
3657,2
4271,2
62,2
4575,2
10975,2
2454,2
5970,2
5853,2
214,2
7663,2
6010,2
4908,2
6897,2
7324,2
5245,2
7368,2
8670,2
5394,2
393,2
8186,2
7625,2
6519,2
4796,2
7502,2
4944,2
5057,2
10760,2
676,2
1893,2
10068,2
1341,2
1154,2
5090,2
7133,2
6541,2
5176,2
10806,2
6229,2
1122,2
1045,2
3014,2
2267,2
7215,2
2661,2
6455,2
4437,2
1616,2
5636,2
5932,2
5894,2
2035,2
1442,2
7866,2
9973,2
11186,2
8564,2
3480,2
5771,2
11011,2
903,2
3138,2
1587,2
3695,2
2587,2
6318,2
1094,2
6392,2
6477,2
3306,2
5728,2
5531,2
6492,2
8035,2
9732,2
1999,2
4341,2
7698,2
2551,2
3056,2
5287,2
7731,2
2921,2
9777,2
2080,2
6817,2
1969,2
3577,2
303,2
4532,2
2116,2
6684,2
5458,2
7933,2
2857,2
5025,2
7833,2
3097,2
94,2
8618,2
4372,2
1388,2
2419,2
5140,2
8447,2
6732,2
1270,2
9279,2
8150,2
1561,2
6421,2
1759,2
7093,2
4988,2
629,2
2195,2
7590,2
7896,2
6081,2
10845,2
6589,2
9368,2
1414,2
859,2
2777,2
5808,2
8004,2
172,2
1649,2
11099,2
6937,2
2736,2
7799,2
10023,2
7059,2
7284,2
2568,2
6746,2
5471,2
4722,2
1813,2
3030,2
11771,2
2129,2
6869,2
4383,2
11646,2
1772,2
7070,2
3454,2
3114,2
4050,2
2349,2
1691,2
9700,2
515,2
10123,2
6992,2
8861,2
3629,2
6295,2
3854,2
10162,2
6138,2
7778,2
6829,2
6789,2
7844,2
10817,2
368,2
3999,2
7811,2
9120,2
6604,2
2050,2
7472,2
5370,2
1728,2
5750,2
5660,2
11429,2
11395,2
10624,2
9891,2
2752,2
8200,2
8284,2
7031,2
8896,2
2990,2
10084,2
9941,2
10555,2
8268,2
2943,2
10181,2
10660,2
1659,2
4412,2
10773,2
7426,2
8300,2
2244,2
2467,2
3494,2
7600,2
8229,2
9611,2
8342,2
837,2
2608,2
6499,2
3722,2
1134,2
8251,2
8502,2
2499,2
331,2
11580,2
2357,2
11322,2
9012,2
3596,2
1279,2
2533,2
6257,2
1218,2
5878,2
3075,2
3556,2
1103,2
10126,2
5301,2
7745,2
5159,2
5912,2
6179,2
6660,2
701,2
1451,2
2247,2
1736,2
2755,2
5794,2
9087,2
6029,2
41,2
109,2
4685,2
5709,2
10557,2
7072,2
9998,2
7846,2
2470,2
7711,2
7343,2
10988,2
2994,2
10343,2
5477,2
3504,2
6372,2
10522,2
4357,2
9206,2
1023,2
7780,2
9253,2
8770,2
6210,2
5615,2
2840,2
4888,2
10914,2
11437,2
3676,2
10737,2
7304,2
416,2
1521,2
4008,2
4967,2
2678,2
10303,2
9477,2
7566,2
4647,2
7387,2
6144,2
8129,2
4054,2
8646,2
8867,2
4776,2
4204,2
4107,2
3119,2
9162,2
7478,2
9428,2
11615,2
1981,2
11207,2
10091,2
7193,2
11549,2
2280,2
2569,2
10380,2
6875,2
1821,2
4385,2
6957,2
4598,2
5039,2
6340,2
9707,2
5754,2
4842,2
3637,2
8899,2
455,2
5409,2
485,2
6795,2
10485,2
9797,2
1370,2
8537,2
4511,2
8090,2
10781,2
4318,2
2133,2
10236,2
9845,2
3865,2
11838,2
975,2
370,2
4250,2
8732,2
4155,2
7229,2
2174,2
1074,2
5004,2
11254,2
5187,2
2059,2
150,2
9048,2
8590,2
11773,2
3770,2
9524,2
8832,2
1663,2
5990,2
8689,2
6470,2
1629,2
2015,2
1250,2
5835,2
5267,2
6062,2
4418,2
9663,2
5949,2
925,2
6836,2
3964,2
6102,2
657,2
1569,2
3034,2
2210,2
1948,2
1185,2
6403,2
11481,2
10858,2
73,2
9569,2
7982,2
192,2
3283,2
7037,2
9949,2
7641,2
5071,2
10039,2
6300,2
517,2
8933,2
5514,2
2435,2
4777,2
976,2
4922,2
1186,2
232,2
3284,2
4551,2
6614,2
4815,2
2358,2
4009,2
1822,2
5160,2
4512,2
5549,2
1024,2
5950,2
2841,2
8420,2
6566,2
4108,2
1522,2
5879,2
4599,2
4055,2
742,2
926,2
8166,2
2399,2
5478,2
885,2
7194,2
8379,2
3965,2
10040,2
9387,2
11255,2
7567,2
3638,2
10092,2
371,2
9950,2
8503,2
3816,2
9664,2
9478,2
4156,2
1251,2
4358,2
6916,2
3246,2
11029,2
10782,2
9753,2
3597,2
11700,2
229,2
4731,2
5836,2
9846,2
6661,2
10237,2
6796,2
9163,2
9297,2
4648,2
7983,2
9207,2
42,2
7434,2
9013,2
3325,2
7914,2
193,2
3866,2
3417,2
6837,2
8204,2
9254,2
7344,2
1737,2
7388,2
3557,2
9429,2
9798,2
1219,2
7265,2
6030,2
417,2
11650,2
11161,2
9525,2
8647,2
7479,2
10738,4
7435,4
10916,4
11112,4
7679,4
2061,4
10822,4
4010,4
2799,4
6838,4
3035,4
4359,4
7480,4
5005,4
1914,4
9342,4
2471,4
11701,4
2842,4
2679,4
11734,4
2609,4
4732,4
2134,4
8771,4
4649,4
1025,4
8092,4
1870,4
3506,4
11030,4
2175,4
74,4
3158,4
2317,4
8167,4
7952,4
2359,4
3598,4
3120,4
8205,4
1076,4
3285,4
7114,4
4420,4
7642,4
2534,4
3377,4
10859,4
11581,4
6959,4
8286,4
977,4
4816,4
2281,4
7847,4
4513,4
886,4
6437,4
6342,4
9430,4
2436,4
2500,4
4109,4
11516,4
2400,4
2995,4
6877,4
2949,4
4289,4
11209,4
5188,4
659,4
7781,4
1738,4
5991,4
4205,4
3772,4
7266,4
10783,4
5914,4
7746,4
3817,4
8421,4
8504,4
6301,4
9951,4
2644,4
7389,4
6373,4
11651,4
11774,4
8380,4
4466,4
8130,4
7522,4
5119,4
11617,4
8733,4
4552,4
2211,4
4386,4
8804,4
7345,4
11550,4
2098,4
1545,4
2570,4
1780,4
702,4
1949,4
609,4
456,4
7039,4
9665,4
11291,4
7073,4
4687,4
1630,4
8017,4
9613,4
3639,4
9255,4
1252,4
7305,4
2248,4
1694,4
372,4
3917,4
486,4
9903,4
280,4
10486,4
10381,4
2871,4
9014,4
3326,4
7149,4
3247,4
10627,4
1280,4
1397,4
8538,4
9089,4
8934,4
9571,4
11364,4
7814,4
8469,4
1570,4
838,4
4157,4
9123,4
8972,4
10000,4
6567,4
6662,4
3966,4
11323,4
10093,4
9847,4
10127,4
11256,4
8691,4
9049,4
6615,4
3204,4
10665,4
10419,4
9526,4
578,4
418,4
1321,4
743,4
8900,4
7877,4
11839,4
3723,4
184,2
9419,2
7945,2
8045,2
7906,2
5700,2
11645,2
546,2
8299,2
10816,2
7223,2
7514,2
1313,2
770,2
512,2
4411,2
2983,2
6485,2
1510,2
142,2
7708,2
27,2
7636,2
7809,2
605,2
8327,2
9377,2
4717,2
4454,2
5295,2
5365,2
8014,2
7295,2
9786,2
11472,2
11394,2
7980,2
8126,2
2390,2
6743,2
1099,2
2276,2
6825,2
10899,2
10480,2
11578,2
7674,2
7555,2
6332,2
11359,2
11511,2
1169,2
1811,2
2090,2
4283,2
7469,2
4352,2
1567,2
2010,2
7069,2
7107,2
8727,2
2204,2
11067,2
11319,2
6908,2
2787,2
9986,2
2936,2
2428,2
10299,2
3111,2
875,2
1977,2
11245,2
2564,2
8829,2
6401,2
962,2
4808,2
3998,2
1725,2
4956,2
8084,2
1277,2
1395,2
11769,2
4915,2
3027,2
7183,2
3952,2
1689,2
2748,2
1592,2
1061,2
4766,2
4044,2
5653,2
1542,2
2529,2
9886,2
10338,2
1130,2
645,2
9079,2
3542,2
800,2
2868,2
8680,2
2637,2
9601,2
402,2
9153,2
3760,2
9741,2
3193,2
6700,2
4145,2
6555,2
11106,2
5984,2
2710,2
3235,2
9557,2
4381,2
10219,2
6948,2
10121,2
1421,2
2310,2
4500,2
320,2
447,2
7333,2
1770,2
6291,2
1449,2
8161,2
2126,2
4876,2
3363,2
10949,2
6649,2
11286,2
11609,2
4590,2
10659,2
1944,2
7874,2
8370,2
11729,2
7143,2
4093,2
6601,2
6370,2
2900,2
10447,2
8533,2
6244,2
3408,2
5106,2
917,2
832,2
9243,2
1624,2
5867,2
8928,2
266,2
6988,2
10700,2
10984,2
1474,2
7378,2
10080,3
6785,3
8534,3
6650,3
7637,3
4382,3
9244,3
1278,3
963,3
5985,3
5904,3
646,3
1475,3
1511,3
1314,3
10122,3
11320,3
801,3
1358,3
1450,3
5403,3
9118,3
1246,3
2466,3
2711,3
8577,3
3152,3
3070,3
5254,3
5745,3
11806,3
5654,3
222,3
733,3
5701,3
1062,3
833,3
4957,3
9002,3
8728,3
1568,3
403,3
267,3
1857,3
448,3
5540,3
1214,3
1625,3
5107,3
10339,3
4877,3
321,3
11770,3
1131,3
9154,3
8162,3
5150,3
576,3
8765,3
4353,3
10220,3
7184,3
11196,3
366,3
4998,3
483,3
5608,3
1012,3
2788,3
3112,3
771,3
1593,3
3028,3
6701,3
3451,3
5826,3
2468,4
5989,4
4504,4
2753,4
7427,4
5260,4
835,4
696,4
8285,4
7337,4
8269,4
1660,4
7601,4
11200,4
10904,4
10774,4
11070,4
11022,4
8373,4
11108,4
8968,4
11152,4
10625,4
10735,4
10661,4
2944,4
2181,12
8022,12
7786,12
8098,12
7235,12
2540,12
7649,12
11490,12
1922,12
10457,12
7527,12
2255,12
10922,12
2956,12
10790,12
11587,12
3778,12
4848,12
2141,12
7852,12
10494,12
6575,12
11215,12
7752,12
8210,12
10635,12
6844,12
4063,12
2577,12
11120,12
6806,12
11523,12
11658,12
10598,12
6967,12
10244,12
6619,12
3044,12
8329,12
8136,12
8061,12
10865,12
8303,12
11405,12
7119,12
10708,12
7310,12
11815,12
2477,12
7882,12
10674,12
3683,12
7442,12
7717,12
6883,12
10995,12
11169,12
9958,12
7920,12
7353,12
6721,12
8314,12
2406,12
7155,12
8273,12
2805,12
10828,12
7684,12
378,12
1111,12
5556,12
8601,12
492,12
8698,12
4694,12
1551,12
1788,12
4977,12
5344,12
1485,12
4163,12
934,12
615,12
666,12
1225,12
8475,12
158,12
4328,12
5484,12
1377,12
1576,12
8743,12
5415,12
5231,12
8839,12
424,12
525,12
8387,12
9097,12
556,12
5382,12
343,12
6516,12
5311,12
4363,12
5078,12
3603,12
749,12
1259,12
8347,12
3877,12
9129,12
4897,12
1432,12
4738,12
239,12
709,12
3512,12
1526,12
3974,12
10008,12
1194,12
779,12
5275,12
5587,12
3383,12
2219,12
1403,12
3924,12
5127,12
1083,12
199,12
6488,12
5196,12
5520,12
3252,12
1702,12
1673,12
1459,12
8942,12
8547,12
1605,12
584,12
462,12
8875,12
5013,12
10166,12
10131,12
4656,12
8980,12
3333,12
8655,12
9023,12
7080,12
11263,12
2506,12
10426,12
1831,12
3125,12
7819,12
7611,12
7488,12
6671,12
10274,12
1880,12
10350,12
11297,12
4560,12
11371,12
2286,12
10187,12
4211,12
5886,12
1638,12
6217,12
9216,12
3469,12
4258,12
9305,12
811,12
6409,12
9395,12
2104,12
9856,12
5762,12
5843,12
9172,12
2365,12
9762,12
9578,12
9532,12
9352,12
5999,12
1286,12
6380,12
10051,12
6349,12
4606,12
9911,12
3210,12
4931,12
5672,12
5799,12
6152,12
3166,12
6112,12
9264,12
9438,12
6307,12
2022,12
6068,12
892,12
2068,12
4392,12
4471,12
50,12
81,12
2656,12
4265,12
1963,12
6224,12
1928,12
4070,12
2546,12
8143,12
5421,12
4790,12
3830,12
3173,12
2448,12
2261,12
3883,12
2962,12
4701,12
2226,12
5281,12
2730,12
4902,12
2293,12
3737,12
2413,12
3652,12
1994,12
2483,12
2812,12
3299,12
2328,12
4829,12
5237,12
4567,12
2372,12
3007,12
2582,12
3785,12
3258,12
2619,12
11128,12
88,12
56,12
206,12
1678,12
499,12
1464,12
9627,12
1581,12
1264,12
9814,12
4367,12
10751,12
124,12
296,12
469,12
5387,12
385,12
9965,12
5349,12
786,12
672,12
245,12
1116,12
1199,12
11665,12
165,12
9272,12
4334,12
591,12
1531,12
1610,12
756,12
5677,12
1231,12
1089,12
716,12
532,12
2511,12
3131,12
4745,12
2028,12
1886,12
4217,12
4662,12
8438,12
7533,12
1752,12
852,12
10873,12
622,12
4301,12
6929,12
1489,12
6626,12
940,12
3475,12
3432,12
3571,12
6582,12
896,12
5084,12
4432,12
6766,12
3389,12
2883,12
4123,12
1291,12
5766,12
6534,12
10195,12
5721,12
8555,12
2852,12
4855,12
11410,12
11378,12
9919,12
7207,12
7494,12
8913,12
9313,12
7277,12
6193,12
11177,12
10059,12
10797,12
6387,12
7723,12
8663,12
5889,12
8518,12
5452,12
7825,12
10433,12
11091,12
4525,12
11563,12
6889,12
11530,12
6811,12
9681,12
9136,12
7051,12
7011,12
10502,12
4936,12
10465,12
10606,12
5925,12
7449,12
10572,12
10251,12
9103,12
7792,12
11821,12
9030,12
11714,12
11631,12
5051,12
11787,12
9539,12
8988,12
7617,12
10358,12
6415,12
9402,12
10642,12
7402,12
11303,12
5018,12
7582,12
6275,12
7858,12
10966,12
8750,12
11270,12
9359,12
7316,12
4397,12
7655,12
9724,12
9224,12
10320,12
11594,12
8816,12
9445,12
5171,12
7690,12
10715,12
6118,12
5488,12
7758,12
8068,12
10107,12
6850,12
10682,12
6973,12
6005,12
10930,12
7996,12
4263,12
8392,12
3735,12
3783,12
6312,12
2259,12
1144,12
714,12
2728,12
2580,12
6156,12
2291,12
2768,12
2185,12
2481,12
3005,12
2411,12
2370,12
3048,12
2912,12
2544,12
1087,12
7447,12
6450,12
9812,12
3297,12
9624,12
10013,12
11336,12
1331,12
3338,12
5082,12
4610,12
754,12
4900,12
4853,12
9177,12
5279,12
1197,12
8880,12
3929,12
5385,12
589,12
1707,12
4121,12
530,12
5314,12
8436,12
2654,12
3129,12
2960,12
2145,12
8352,12
2224,12
8480,12
9221,12
5591,12
5419,12
9767,12
10394,12
5200,12
4565,12
9916,12
9537,12
4068,12
5560,12
5170,12
7358,12
5131,12
1750,12
11592,12
8141,12
6532,12
8177,12
11628,12
9679,12
4168,12
10749,12
9400,12
10534,12
5347,12
11528,12
9134,12
10964,12
1229,12
9357,12
10603,12
294,12
11174,12
204,12
8660,12
6580,12
8516,12
6624,12
8985,12
9963,12
10713,12
2446,12
11125,12
11495,12
11042,12
5517,12
1955,12
4255,12
7307,12
7749,12
3680,12
6065,12
1919,12
236,12
5553,12
5584,12
1137,12
4060,12
2537,12
5412,12
6109,12
375,12
7917,12
7116,12
3921,12
4691,12
5163,12
5379,12
3081,12
6265,12
7232,12
2252,12
3820,12
7350,12
2065,12
2439,12
3163,12
9483,12
9529,12
2138,12
4557,12
6033,12
1699,12
3874,12
4603,12
2953,12
155,12
9759,12
5193,12
8207,12
2178,12
2683,12
2760,12
2474,12
2802,12
1324,12
1986,12
3041,12
4894,12
2284,12
2403,12
5272,12
5228,12
2721,12
6149,12
2574,12
8302,12
2320,12
2998,12
196,12
5444,12
2611,12
5481,12
11034,12
10048,12
10741,12
7608,12
7646,12
47,12
286,12
1670,12
808,12
7987,12
5341,12
1548,12
9955,12
9804,12
9575,12
11212,12
340,12
8313,12
4361,12
6487,12
1256,12
8058,12
1523,12
7573,12
11655,12
421,12
6515,12
1374,12
8652,12
459,12
1456,12
9126,12
8095,12
11117,12
11620,12
581,12
522,12
8598,12
1429,12
10992,12
5669,12
1400,12
1602,12
1573,12
3727,12
8384,12
7152,12
7268,12
8428,12
2503,12
4781,12
3642,12
1877,12
4208,12
7816,12
6377,12
5620,12
1785,12
8019,12
6964,12
11443,12
6803,12
1,12
7681,12
3971,12
7524,12
4389,12
8272,12
8344,12
7041,12
1742,12
7783,12
4518,12
11402,12
4653,12
3509,12
5308,12
8544,12
9213,12
2102,12
3207,12
7849,12
6718,12
9435,12
6502,12
3330,12
5011,12
2874,12
8287,12
6880,12
7002,12
7485,12
3380,12
5796,12
3562,12
4423,12
6471,12
5919,12
5840,12
5075,12
4113,12
8977,12
1482,12
1283,12
3466,12
6524,12
6572,12
6757,12
9349,12
5713,12
11368,12
3422,12
4292,12
7714,12
6616,12
8133,12
6841,12
931,12
1029,12
6920,12
4160,12
8836,12
10005,12
7955,12
2844,12
10184,12
9094,12
10595,12
10671,12
8695,12
10347,12
11294,12
8775,12
8740,12
11553,12
10491,12
10705,12
11520,12
10098,12
10561,12
11737,12
8807,12
11487,12
10454,12
10241,12
11081,12
8939,12
10632,12
11328,12
10956,12
11260,12
11778,12
8107,12
8030,12
7536,12
7761,12
6679,12
7164,12
8330,12
6813,12
6892,12
6851,12
7891,12
6628,12
8304,12
6728,12
8070,12
6932,12
7363,12
7404,12
8258,12
7928,12
7726,12
7452,12
8275,12
6975,12
8181,12
5203,12
7319,12
5454,12
5020,12
5423,12
5527,12
5240,12
5053,12
6453,12
5491,12
5595,12
6517,12
5283,12
6505,12
7585,12
5563,12
4984,12
7088,12
8217,12
7620,12
7210,12
7965,12
7497,12
6584,12
6389,12
6225,12
6159,12
6278,12
6076,12
6194,12
5928,12
5679,12
5965,12
5804,12
5849,12
1965,12
4267,12
2657,12
1930,12
2547,12
2228,12
3093,12
3933,12
4702,12
3833,12
1712,12
2150,12
2450,12
2076,12
2262,12
3885,12
2732,12
3052,12
2330,12
2773,12
3691,12
2415,12
3301,12
2484,12
2373,12
3010,12
2583,12
2620,12
1438,12
501,12
1410,12
1533,12
388,12
758,12
127,12
1118,12
246,12
534,12
1266,12
5724,12
58,12
298,12
787,12
1557,12
1090,12
471,12
4337,12
434,12
209,12
90,12
593,12
4368,12
168,12
1200,12
6314,12
2513,12
4746,12
4792,12
2916,12
1888,12
855,12
1755,12
3611,12
625,12
1796,12
4024,12
3521,12
3217,12
4615,12
4126,12
4173,12
1644,12
3476,12
943,12
3573,12
820,12
3391,12
899,12
2853,12
5086,12
1490,12
4480,12
4399,12
1839,12
4528,12
4072,12
4939,12
10538,12
11499,12
10467,12
10399,12
10754,12
10575,12
11596,12
10505,12
11633,12
10800,12
11565,12
11226,12
10932,12
9967,12
11668,12
11047,12
11131,12
11750,12
11823,12
11412,12
10876,12
11180,12
10718,12
10253,12
10969,12
11790,12
11716,12
8915,12
8950,12
8441,12
8356,12
8848,12
8818,12
8665,12
9226,12
10150,12
8787,12
8752,12
8558,12
8885,12
10169,12
8612,12
10018,12
10285,12
10361,12
10197,12
11381,12
9816,12
9405,12
9726,12
10062,12
9497,12
9182,12
9684,12
9448,12
9922,12
9588,12
9362,12
10385,12
10453,12
10560,12
11486,12
11211,12
10786,12
10490,12
11552,12
10918,12
11583,12
10309,12
11080,12
9954,12
10861,12
10670,12
11777,12
10991,12
11033,12
10955,12
10631,12
11654,12
11116,12
11327,12
10594,12
10704,12
11401,12
10824,12
9212,12
8543,12
9052,12
10165,12
10004,12
10097,12
8806,12
8471,12
9125,12
8976,12
8427,12
8739,12
8597,12
8507,12
10422,12
10270,12
10346,12
11293,12
9528,12
9574,12
9852,12
10047,12
9670,12
9434,12
9168,12
9348,12
10183,12
9803,12
9713,12
9482,12
9301,12
8541,12
10576,6
1150,6
1645,6
2191,6
3522,6
5241,6
11094,6
9968,6
6629,6
2964,6
9498,6
1041,6
11273,6
8521,6
8559,6
10063,6
10840,6
4174,6
2263,6
5021,6
7320,6
11227,6
9139,6
6585,6
9727,6
8613,6
4571,6
1233,6
9066,6
8819,6
4940,6
7586,6
10755,6
1201,6
9227,6
9589,6
7364,6
10362,6
3344,6
3302,6
10685,6
11342,6
5632,6
389,6
10198,6
5390,6
719,6
8849,6
299,6
8788,6
9317,6
10933,6
2658,6
11500,6
11669,6
8316,6
6537,6
9631,6
10286,6
10801,6
2514,6
11717,6
8031,6
7862,6
7659,6
10539,6
11824,6
7165,6
7245,6
6893,6
6852,6
7966,6
7892,6
1680,6
7015,6
7281,6
10645,6
8241,6
7498,6
7929,6
6814,6
9864,6
6044,6
8108,6
6680,6
6077,6
10609,6
7694,6
8000,6
11382,6
7621,6
10436,6
7089,6
9406,6
10970,6
5680,6
5966,6
9543,6
6729,6
6769,6
7795,6
7537,6
10719,6
6976,6
1889,6
7762,6
11455,6
8218,6
11597,6
7129,6
8182,6
9817,6
10254,6
7727,6
11566,6
11307,6
11132,6
11048,6
11634,6
4262,12
2653,12
1961,12
2543,12
11494,12
10533,12
10461,12
10794,12
10498,12
2445,12
10926,12
2959,12
3087,12
11627,12
2026,12
8140,12
3256,12
2767,12
11041,12
10869,12
7123,12
10639,12
11711,12
2480,12
4299,12
11088,12
4980,12
2579,12
3004,12
10963,12
10712,12
2410,12
2727,12
10248,12
2325,12
2809,12
2689,12
10678,12
10602,12
3047,12
9962,12
11527,12
11662,12
10832,12
2911,12
2617,12
5627,12
3687,12
8984,12
1579,12
7159,12
6675,12
8351,12
1462,12
3429,12
121,12
1262,12
4120,12
8479,12
1529,12
529,12
3214,12
5719,12
3387,12
5450,12
6072,12
3296,12
1641,12
3473,12
10012,12
243,12
3782,12
4698,12
6311,12
8435,12
8946,12
713,12
1406,12
8814,12
5081,12
6449,12
3607,12
3569,12
382,12
5675,12
54,12
6116,12
3928,12
10105,12
466,12
588,12
815,12
1608,12
10168,12
4524,12
9101,12
85,12
8605,12
5418,12
10133,12
10149,12
3516,12
1749,12
1554,12
6531,12
783,12
753,12
6764,12
1792,12
8659,12
428,12
5590,12
1435,12
8702,12
6927,12
3337,12
4067,12
8879,12
8515,12
4021,12
9133,12
5130,12
2223,12
2509,12
3128,12
4827,12
10191,12
6155,12
849,12
10354,12
7531,12
11375,12
3827,12
4332,12
4609,12
1706,12
619,12
9623,12
2850,12
9309,12
9582,12
9268,12
3978,12
9356,12
2369,12
9678,12
6579,12
9811,12
9536,12
9766,12
988,12
9490,12
5523,12
9915,12
9176,12
2880,12
9442,12
7721,12
7239,12
7886,12
6809,12
8102,12
7962,12
1992,12
7688,12
7924,12
4430,12
7823,12
7399,12
6353,12
7994,12
2184,12
7205,12
7790,12
7446,12
6848,12
4475,12
6003,12
6724,12
5960,12
7314,12
5169,12
6384,12
7084,12
7048,12
6971,12
7009,12
8026,12
7615,12
6221,12
8065,12
6887,12
2258,12
7856,12
7275,12
10108,12
991,12
941,12
10016,12
9628,12
1147,12
8706,12
7889,12
7278,12
5963,12
7361,12
10434,12
897,12
7618,12
11379,12
4302,12
5282,12
7997,12
5526,12
3341,12
5134,12
1795,12
9495,12
7052,12
7759,12
4218,12
1753,12
6388,12
7012,12
4479,12
4568,12
7317,12
7450,12
8144,12
7087,12
9137,12
8069,12
8180,12
10283,12
5388,12
8847,12
3831,12
8786,12
4526,12
2110,12
4335,12
8105,12
11453,12
623,12
7534,12
10874,12
7242,12
7691,12
7724,12
11632,12
7826,12
10196,12
8029,12
8817,12
297,12
7208,12
11411,12
5019,12
11004,12
9540,12
10060,12
1837,12
9725,12
9273,12
5085,12
5350,12
11339,12
8664,12
11715,12
4171,12
8989,12
9446,12
8519,12
8884,12
9587,12
10931,12
1929,12
8439,12
8610,12
10466,12
8355,12
3091,12
6930,12
4856,12
10573,12
1887,12
10503,12
2227,12
11304,12
5678,12
11092,12
7162,12
6416,12
10607,12
9770,12
11178,12
10537,12
10643,12
10397,12
8482,12
3132,12
11595,12
6974,12
1334,12
11788,12
11666,12
8751,12
5052,12
10252,12
9104,12
1710,12
9920,12
10967,12
819,12
10321,12
9031,12
125,12
8396,12
7583,12
11564,12
5489,12
8556,12
10359,12
10798,12
2772,12
2813,12
2731,12
8274,12
8257,12
3520,12
5630,12
1838,12
7692,12
8707,12
7451,12
208,12
4071,12
3092,12
9447,12
11749,12
8216,12
624,12
2111,12
6358,12
10968,12
7619,12
2075,12
7496,12
4172,12
2149,12
3009,12
4569,12
3133,12
5927,12
992,12
8397,12
898,12
4336,12
6812,12
7657,12
5239,12
2030,12
7163,12
7535,12
6583,12
6535,12
6727,12
9361,12
2449,12
2414,12
9404,12
6627,12
7243,12
5317,12
470,12
7053,12
7927,12
126,12
10017,12
2692,12
11179,12
3390,12
433,12
11340,12
8106,12
3174,12
5964,12
9315,12
1532,12
4219,12
10753,12
11271,12
3932,12
3832,12
5848,12
1292,12
11130,12
10574,12
2295,12
3300,12
1117,12
10717,12
3982,12
1711,12
7827,12
4125,12
1265,12
5490,12
9683,12
10322,12
7998,12
10875,12
10504,12
3690,12
4398,12
5351,12
57,12
10061,12
6678,12
1964,12
4903,12
1754,12
350,12
10360,12
11667,12
2512,12
2915,12
2189,12
7725,12
7760,12
8611,12
1582,12
3260,12
7362,12
4614,12
4527,12
6931,12
89,12
7793,12
717,12
9496,12
500,12
5723,12
3684,6
1141,6
2220,6
7156,6
6308,6
290,6
3779,6
4329,6
7081,6
379,6
11038,6
585,6
5383,6
2725,6
2023,6
4849,6
2069,6
11447,6
8137,6
1195,6
11216,6
1378,6
4117,6
5844,6
2578,6
1460,6
2443,6
1990,6
11332,6
1084,6
3002,6
1606,6
4212,6
1639,6
159,6
1226,6
893,6
8211,6
2366,6
1674,6
2957,6
1923,6
985,6
812,6
616,6
4296,6
8238,6
3975,6
2105,6
667,6
2478,6
935,6
557,6
11659,6
5345,6
1703,6
1112,6
200,6
750,6
463,6
9487,6
2507,6
2541,6
344,6
1527,6
2256,6
493,6
2848,6
118,6
2878,6
2651,6
5,6
1486,6
9396,6
780,6
3878,6
8432,6
9620,6
9857,6
4695,6
4607,6
4259,6
4739,6
3604,6
3824,6
8699,6
3045,6
3925,6
4064,6
1832,6
3513,6
5800,6
6528,6
2182,6
4785,6
425,6
4657,6
5957,6
10188,6
10866,6
2287,6
6576,6
3334,6
3731,6
3470,6
3384,6
2407,6
8943,6
3566,6
3211,6
4018,6
5624,6
10390,6
3167,6
4472,6
3426,6
9808,6
2806,6
7528,6
3253,6
5079,6
3646,6
5673,6
2764,6
4427,6
51,6
8744,6
8388,6
7006,6
11557,6
11816,6
8656,6
11406,6
10314,6
5276,6
11372,6
6722,6
7045,6
8908,6
10275,6
7883,6
9098,6
8173,6
7650,6
7820,6
6269,6
7853,6
11708,6
7921,6
6845,6
7612,6
7718,6
8476,6
8348,6
9353,6
6037,6
7685,6
7753,6
7959,6
6189,6
7396,6
7202,6
10009,6
11624,6
5047,6
10458,6
10351,6
9265,6
10599,6
8981,6
6350,6
10829,6
9024,6
10675,6
8876,6
10636,6
5128,6
7120,6
8023,6
6807,6
5588,6
10495,6
10996,6
5197,6
6410,6
8512,6
10960,6
4978,6
6069,6
11588,6
9057,6
4393,6
5014,6
9130,6
10102,6
9675,6
10427,6
10709,6
5448,6
7443,6
9439,6
10530,6
11491,6
5416,6
6381,6
4522,6
5167,6
11085,6
11298,6
7311,6
9533,6
10245,6
10791,6
3688,6
3298,6
5592,6
6157,6
6355,6
5201,6
6313,6
8394,6
9493,6
6074,6
7160,6
2655,6
5348,6
4333,6
1642,6
785,6
755,6
3130,6
2510,6
1332,6
384,6
1751,6
11127,6
2729,6
9,6
1993,6
2545,6
2618,6
1677,6
7532,6
2327,6
430,6
1263,6
2447,6
9626,6
1198,6
6676,6
4122,6
1555,6
1115,6
715,6
9680,6
621,6
9401,6
590,6
2108,6
8608,6
348,6
1290,6
11222,6
989,6
2851,6
498,6
1036,6
4169,6
5676,6
205,6
562,6
8214,6
11664,6
3049,6
1793,6
11593,6
939,6
1609,6
1230,6
1885,6
9813,6
3979,6
5846,6
1436,6
1708,6
2260,6
2961,6
9271,6
2882,6
895,6
1407,6
2482,6
468,6
87,6
531,6
123,6
2072,6
671,6
2146,6
55,6
10058,6
6625,6
1530,6
11044,6
3006,6
6192,6
2581,6
1580,6
5628,6
9964,6
6765,6
1488,6
4264,6
6040,6
4935,6
9768,6
9918,6
9723,6
3829,6
6274,6
4069,6
6223,6
9861,6
4828,6
5487,6
3930,6
4744,6
6414,6
5524,6
4700,6
5236,6
5451,6
8554,6
5280,6
10872,6
10014,6
6451,6
8354,6
9358,6
8481,6
5961,6
8437,6
5386,6
5083,6
5765,6
5802,6
3257,6
4431,6
2913,6
3388,6
5720,6
5315,6
3651,6
1835,6
3339,6
6004,6
4566,6
2811,6
4901,6
3570,6
5924,6
5017,6
7240,6
8517,6
9029,6
6888,6
10535,6
8987,6
8882,6
10432,6
7654,6
8067,6
11451,6
10106,6
8749,6
10250,6
10641,6
9062,6
7206,6
7791,6
7581,6
6725,6
6810,6
7722,6
9102,6
10835,6
7824,6
7887,6
10605,6
8948,6
10319,6
11529,6
10281,6
4396,6
8103,6
7085,6
11302,6
7963,6
10681,6
10965,6
7757,6
7010,6
11786,6
11496,6
7448,6
10464,6
11713,6
8815,6
10501,6
8912,6
6849,6
11746,6
10395,6
7493,6
10280,12
10570,12
11126,12
11043,12
11001,12
10249,12
11376,12
9222,12
11268,12
10680,12
8607,12
10500,12
11629,12
11221,12
10928,12
9917,12
10604,12
9311,12
10193,12
9270,12
9625,12
9584,12
8393,12
9178,12
9028,12
8748,12
8553,12
8353,12
10834,12
8844,12
11712,12
8986,12
5862,2
10893,2
4087,2
3848,2
3447,2
3948,2
3537,2
2043,2
6644,2
4141,2
1767,2
4714,2
4495,2
3706,2
8122,2
2979,2
3489,2
25,2
2385,2
6328,2
3405,2
3359,2
2827,2
4762,2
3900,2
5980,2
5739,2
4873,2
9881,2
8629,2
2866,2
3799,2
4040,2
2332,2
1714,2
2230,2
4794,2
4573,2
3835,2
3524,2
2816,2
473,2
4269,2
3177,2
4704,2
4483,2
4223,2
760,2
857,2
3012,2
3304,2
3264,2
4074,2
595,2
1682,2
2775,2
1268,2
391,2
2549,2
3741,2
2298,2
1152,2
354,2
4128,2
4401,2
3788,2
4617,2
2152,2
4531,2
2622,2
1757,2
212,2
1647,2
3435,2
1997,2
2193,2
2585,2
4176,2
1535,2
3095,2
3613,2
2265,2
1467,2
3575,2
2919,2
1296,2
1841,2
4339,2
1235,2
2966,2
503,2
1120,2
1559,2
790,2
537,2
2114,2
674,2
1967,2
248,2
436,2
2452,2
2855,2
1386,2
2033,2
3054,2
2375,2
1798,2
3986,2
1932,2
721,2
2417,2
3393,2
1492,2
3478,2
823,2
1339,2
3136,2
13,2
2734,2
1092,2
130,2
60,2
1816,2
738,2
4641,2
6953,2
6337,2
6297,2
10777,2
4415,2
7384,2
6994,2
6140,2
9703,2
7430,2
2793,2
6607,2
7339,2
3197,2
188,2
8864,2
4003,2
3498,2
6098,2
2054,2
7033,2
1774,2
6707,2
411,2
3591,2
3410,2
6175,2
6871,2
3370,2
3457,2
5114,2
1516,2
9336,2
9292,2
9473,2
9792,2
9564,2
3766,2
9747,2
11252,2
9249,2
10230,2
9383,2
3716,2
3811,2
3279,2
8642,2
7517,2
4150,2
9840,2
6560,2
146,2
3239,2
10035,2
9895,2
9944,2
9159,2
105,2
9519,2
8465,2
9658,2
3632,2
6656,2
1180,2
11024,2
10908,2
4198,2
4595,2
5473,2
9606,2
4681,2
8375,2
1070,2
3911,2
3859,2
5509,2
9203,2
36,2
4507,2
4547,2
11203,2
9993,2
6748,2
9084,2
10087,2
11073,2
8685,2
4052,2
5544,2
8201,2
9702,2
8684,2
1730,2
7563,2
5831,2
5508,2
7188,2
7516,2
5113,2
6747,2
9423,2
3320,2
11477,2
8049,2
11694,2
8086,2
9335,2
7639,2
4640,2
1815,2
4506,2
2430,2
6706,2
7602,2
11610,2
6993,2
6655,2
7909,2
3409,2
7338,2
3957,2
3196,2
1365,2
3858,2
4149,2
7300,2
651,2
11251,2
9992,2
10776,2
11155,2
6910,2
4594,2
3238,2
6952,2
8863,2
7676,2
3369,2
9943,2
11432,2
3671,2
7383,2
11072,2
4546,2
5577,2
10229,2
8584,2
6296,2
1863,2
3590,2
8127,2
6870,2
3456,2
2053,2
9158,2
9657,2
6831,2
6059,2
6097,2
187,2
3497,2
8464,2
410,2
6559,2
9291,2
2792,2
4680,2
5156,2
8497,2
970,2
2834,2
5068,2
4101,2
1069,2
9382,2
4459,2
4837,2
3549,2
1773,2
5751,2
104,2
8415,2
226,2
1179,2
2351,2
4244,2
9518,2
5612,2
5543,2
4286,2
6139,2
4051,2
879,2
2391,2
4683,2
1021,2
39,2
9521,2
1183,2
9426,2
10233,2
11158,2
9385,2
3200,2
4644,2
7564,2
9660,2
9338,2
4006,2
148,2
1368,2
8587,2
9794,2
9474,2
1318,2
9946,2
9705,2
1518,2
9608,2
107,2
3413,2
1867,2
2057,2
11697,2
882,2
1734,2
3594,2
4839,2
3862,2
4727,2
2355,2
1073,2
3501,2
4104,2
3373,2
9566,2
3719,2
6254,2
414,2
4463,2
4201,2
9749,2
2395,2
9520,2
2795,2
9994,2
9659,2
4416,2
147,2
4200,2
972,2
38,2
4247,2
6749,2
190,2
7340,2
4772,2
10088,2
7911,2
9565,2
9337,2
6298,2
9748,2
1866,2
3322,2
8417,2
1072,2
1818,2
3861,2
5264,2
9160,2
3199,2
5158,2
8586,2
8686,2
8643,2
7385,2
106,2
8466,2
9085,2
1776,2
4508,2
6833,2
11074,2
4548,2
11157,2
7476,2
3552,2
4053,2
2837,2
3459,2
3412,2
11696,2
6657,2
10232,2
9293,2
1020,2
9793,2
6872,2
6026,2
7190,2
2432,2
2354,2
6995,2
11479,2
6954,2
6708,2
6338,2
9425,2
9607,2
4103,2
739,2
7302,2
9384,2
4005,2
3812,2
275,2
7431,2
11204,2
10910,2
413,2
8376,2
6561,2
3767,2
6253,2
4596,2
9250,2
453,2
1182,2
11434,2
6176,2
10778,2
4726,2
189,2
8865,2
4682,2
6141,2
5474,2
7518,2
8333,2
5597,2
5634,2
5392,2
8318,2
8073,2
8033,2
5175,2
4942,2
5243,2
6507,2
5769,2
6476,2
7455,2
5565,2
7661,2
7283,2
5285,2
7729,2
7931,2
5682,2
5726,2
6391,2
5493,2
6935,2
6227,2
6854,2
7968,2
4906,2
7539,2
5892,2
6121,2
5851,2
7131,2
7864,2
6682,2
8260,2
6587,2
7322,2
6361,2
7167,2
7831,2
6008,2
6978,2
7091,2
7588,2
6196,2
6046,2
7696,2
5138,2
6161,2
7247,2
5425,2
5320,2
7057,2
5023,2
6079,2
6539,2
7797,2
7017,2
7500,2
6280,2
5354,2
8148,2
6895,2
6816,2
5968,2
7366,2
5456,2
3548,2
3496,2
1364,2
2130,2
3630,2
3857,2
2094,2
325,2
10228,2
1862,2
4243,2
1514,2
34,2
1814,2
4001,2
3195,2
4771,2
4639,2
8640,2
2991,2
2052,2
4883,2
10906,2
3670,2
4458,2
3072,2
3116,2
9656,2
2945,2
4196,2
1912,2
1017,2
9893,2
6249,2
6336,2
3714,2
969,2
6558,2
3237,2
3368,2
5112,2
878,2
4100,2
5873,2
4836,2
3765,2
5662,2
2992,2
2095,2
3032,2
4964,2
5002,2
1019,2
4461,2
5115,2
5663,2
6608,2
1317,2
1517,2
2055,2
5875,2
1865,2
412,2
3073,2
3592,2
1913,2
6252,2
328,2
3633,2
2131,2
3117,2
4151,2
5832,2
10231,2
3240,2
1732,2
10909,2
4642,2
2836,2
4885,2
1181,2
4004,2
653,2
3551,2
881,2
3499,2
1071,2
4246,2
2794,2
3860,2
4199,2
4838,2
1817,2
2353,2
11753,2
10152,2
9229,2
8444,2
9068,2
10136,2
9319,2
8711,2
8561,2
10171,2
8358,2
11309,2
11719,2
9970,2
8821,2
9774,2
10065,2
9451,2
10578,2
11008,2
10935,2
8953,2
11384,2
10721,2
10470,2
9408,2
10972,2
11502,2
10111,2
10842,2
9500,2
9687,2
11599,2
8851,2
11636,2
11415,2
9365,2
9729,2
11344,2
10879,2
11568,2
10687,2
9866,2
11671,2
11096,2
11229,2
10200,2
11457,2
8918,2
11275,2
9035,2
10402,2
8992,2
10438,2
9185,2
9819,2
11535,2
8887,2
9141,2
8755,2
10020,2
11183,2
6458,3
96,3
9146,3
9455,3
5143,3
8855,3
18,3
9596,3
9734,3
10071,3
253,3
175,3
7136,3
216,3
4669,3
9324,3
10175,3
5396,3
395,3
4534,3
11419,3
4708,3
2971,3
2421,3
1619,3
1496,3
10941,3
1300,3
10693,3
8620,3
9824,3
2663,3
3659,3
9871,3
1240,3
8077,3
3697,3
4487,3
8795,3
8824,3
5811,3
3222,3
10157,3
65,3
9637,3
3350,3
2589,3
3745,3
7171,3
9234,3
570,3
3180,3
8716,3
2820,3
631,3
4274,3
600,3
3528,3
11677,3
2118,3
6858,3
9503,3
8922,3
1096,3
4310,3
5093,3
2234,3
4132,3
7544,3
2553,3
10616,3
1125,3
11188,3
1651,3
11013,3
5639,3
2923,3
542,3
10847,3
9111,3
3939,3
6939,3
10407,3
9039,3
9281,3
1802,3
3308,3
2001,3
1272,3
4343,3
2520,3
2156,3
10259,3
8224,3
4578,3
679,3
9072,3
11539,3
11722,3
8567,3
6284,3
9370,3
5497,3
7836,3
6494,3
4406,3
8279,3
9413,3
6734,3
5209,3
5178,3
11387,3
7628,3
7936,3
5289,3
7460,3
6364,3
6012,3
9930,3
5460,3
8336,3
5028,3
6900,3
7802,3
8321,3
7412,3
5935,3
5855,3
8890,3
8038,3
6050,3
5059,3
8263,3
3482,3
8246,3
5247,3
7505,3
4991,3
7062,3
8307,3
7022,3
5533,3
7734,3
7973,3
6083,3
6479,3
9779,3
6394,3
6423,3
6271,2
8064,2
7445,2
6115,2
1553,2
7652,2
4474,2
6191,2
5048,2
7923,2
7274,2
5277,2
6220,2
1925,2
161,2
1261,2
5923,2
5233,2
5384,2
8175,2
7238,2
6489,2
528,2
5312,2
7789,2
6723,2
7008,2
6412,2
7313,2
6352,2
5168,2
7720,2
5522,2
2257,2
6448,2
7614,2
7755,2
5589,2
6383,2
8025,2
7356,2
6808,2
7961,2
6071,2
7855,2
6039,2
8213,2
202,2
3733,2
7885,2
7398,2
7993,2
5449,2
6504,2
7047,2
5015,2
752,2
5558,2
1882,2
6847,2
10011,2
894,2
11590,2
11526,2
11559,2
427,2
2143,2
5801,2
1035,2
10054,2
5718,2
5198,2
53,2
10831,2
2766,2
6886,2
6310,2
10104,2
9765,2
11300,2
11334,2
9961,2
8878,2
9859,2
10429,2
6530,2
9441,2
1833,2
5674,2
6622,2
2183,2
4298,2
3428,2
465,2
1487,2
3213,2
4429,2
1578,2
10132,2
3927,2
10247,2
1330,2
4365,2
4214,2
3336,2
9132,2
3003,2
9308,2
8390,2
6763,2
2444,2
2808,2
2958,2
1991,2
8550,2
11040,2
3127,2
2508,2
346,2
4331,2
2368,2
9026,2
1461,2
6674,2
1143,2
2652,2
11374,2
10532,2
3826,2
1227,2
4697,2
7530,2
11743,2
3606,2
381,2
10638,2
4851,2
9535,2
1113,2
4261,2
5764,2
120,2
10677,2
8910,2
3568,2
9398,2
1196,2
3295,2
11408,2
8139,2
4899,2
1748,2
10868,2
618,2
9581,2
10167,2
1960,2
3255,2
11449,2
10277,2
712,2
9622,2
1085,2
3046,2
9720,2
11123,2
3781,2
4826,2
8514,2
987,2
9219,2
8746,2
937,2
11172,2
3515,2
8350,2
1379,2
2879,2
2688,2
11218,2
9677,2
1288,2
2106,2
2222,2
11626,2
11087,2
10460,2
1705,2
10711,2
669,2
3472,2
9810,2
10190,2
11661,2
8604,2
2849,2
1405,2
1640,2
11710,2
2289,2
3086,2
10148,2
10392,2
9355,2
848,2
8813,2
1675,2
5845,2
10962,2
8940,2
156,2
1483,2
2139,2
10920,2
5884,2
7647,2
237,2
3681,2
2321,2
2103,2
10672,2
2845,2
376,2
10455,2
497,2
329,2
2404,2
10424,2
10527,2
1223,2
10387,2
5229,2
1257,2
8741,2
4326,2
2285,2
2253,2
7715,2
582,2
44,2
10562,2
3821,2
7117,2
432,2
10492,2
3082,2
332,2
11295,2
554,2
326,2
11738,2
707,2
8808,2
1325,2
9021,2
8208,2
850,2
2217,2
386,2
10706,2
1700,2
5920,2
4015,2
341,2
982,2
11554,2
289,2
8509,2
7609,2
1081,2
10957,2
3643,2
2066,2
2,2
711,2
10311,2
2179,2
613,2
3563,2
11261,2
7682,2
1430,2
3776,2
10242,2
10596,2
620,2
1192,2
160,2
4256,2
11329,2
2538,2
8873,2
9214,2
79,2
533,2
2363,2
2440,2
422,2
11082,2
1375,2
664,2
5841,2
3042,2
3123,2
10348,2
2020,2
1549,2
4293,2
843,2
7042,2
8776,2
5076,2
1284,2
3875,2
4846,2
1878,2
5585,2
11369,2
9127,2
7784,2
6110,2
9576,2
1603,2
6881,2
5797,2
7269,2
4736,2
3290,2
8473,2
2684,2
10185,2
777,2
3922,2
5309,2
7750,2
9854,2
5125,2
9350,2
6842,2
4519,2
11118,2
4424,2
10006,2
10742,2
5194,2
9170,2
5714,2
2954,2
11656,2
4782,2
4209,2
6215,2
4692,2
7574,2
8429,2
6378,2
6719,2
6617,2
9436,2
6066,2
11213,2
7233,2
9484,2
11585,2
7351,2
5380,2
523,2
4604,2
48,2
3208,2
2875,2
5954,2
8059,2
11035,2
809,2
5342,2
5621,2
6150,2
4469,2
6804,2
197,2
3164,2
6965,2
4895,2
5413,2
3250,2
9303,2
4975,2
11444,2
4114,2
2803,2
9956,2
6525,2
5164,2
8385,2
7956,2
5445,2
327,2
4929,2
10993,2
1743,2
6305,2
6034,2
7199,2
11403,2
8134,2
8345,2
1574,2
6573,2
9262,2
6266,2
7918,2
9760,2
7308,2
1920,2
9805,2
5760,2
5482,2
5044,2
2648,2
3381,2
6186,2
6921,2
9715,2
5670,2
4061,2
7817,2
287,2
9909,2
7393,2
4821,2
8170,2
5518,2
8837,2
8020,2
5554,2
1119,2
6770,2
2694,2
2885,2
2815,2
300,2
1267,2
8789,2
3612,2
6538,2
1713,2
11049,2
11501,2
2264,2
11792,2
10934,2
5967,2
2733,2
11567,2
4127,2
1295,2
4572,2
5725,2
3787,2
1534,2
3434,2
11752,2
2621,2
129,2
8754,2
2229,2
10110,2
759,2
8614,2
1756,2
3477,2
2032,2
4222,2
6315,2
10507,2
2374,2
2113,2
1840,2
10577,2
6586,2
11133,2
3654,2
3934,2
11343,2
3135,2
353,2
8522,2
4748,2
5087,2
10646,2
3176,2
10971,2
10686,2
11718,2
4175,2
1558,2
3218,2
10878,2
1613,2
1646,2
5805,2
1584,2
8820,2
1966,2
10401,2
8147,2
9969,2
5353,2
3094,2
3886,2
3392,2
4859,2
3303,2
2548,2
8710,2
11095,2
9106,2
1151,2
1797,2
2659,2
565,2
3834,2
11825,2
4434,2
1338,2
8219,2
4703,2
789,2
6681,2
5633,2
2485,2
2451,2
4338,2
3053,2
10437,2
6934,2
8917,2
9818,2
10151,2
11228,2
900,2
10287,2
2416,2
4304,2
1411,2
6226,2
7166,2
2774,2
10540,2
4369,2
3011,2
4793,2
11308,2
6045,2
11598,2
8183,2
8666,2
7967,2
8317,2
4905,2
4400,2
8259,2
5492,2
7212,2
6360,2
6120,2
10135,2
7660,2
169,2
7796,2
6419,2
3740,2
720,2
5391,2
7321,2
6007,2
7056,2
9728,2
9924,2
9276,2
9450,2
9034,2
7622,2
6390,2
6195,2
9318,2
211,2
11456,2
6518,2
8886,2
4985,2
1234,2
11635,2
8399,2
6506,2
7454,2
6853,2
10064,2
8032,2
5528,2
11007,2
8242,2
6894,2
7499,2
9499,2
7130,2
7863,2
3263,2
9228,2
5137,2
6160,2
7406,2
5242,2
6279,2
7016,2
8109,2
11383,2
9364,2
9773,2
4268,2
8484,2
6730,2
4482,2
8357,2
6977,2
472,2
9544,2
6078,2
6815,2
5319,2
7893,2
5768,2
5850,2
7365,2
6491,2
5564,2
435,2
1202,2
5054,2
7246,2
9632,2
5929,2
5204,2
7695,2
1846,2
8892,2
10027,2
9736,2
6511,2
2780,2
2591,2
1761,2
5535,2
4182,2
10618,2
1686,2
9236,2
543,2
10294,2
8190,2
7804,2
8365,2
7736,2
10886,2
1936,2
8407,2
7219,2
1563,2
1471,2
11281,2
7546,2
11573,2
7593,2
5571,2
3224,2
3793,2
2821,2
3893,2
9694,2
9873,2
7253,2
11642,2
2456,2
176,2
11141,2
8040,2
478,2
4671,2
10515,2
7938,2
5499,2
7507,2
3661,2
11015,2
601,2
2859,2
8999,2
6593,2
6052,2
3941,2
9372,2
727,2
8797,2
8569,2
1344,2
7414,2
4134,2
7288,2
10811,2
9550,2
7668,2
3441,2
4033,2
442,2
9598,2
796,2
7870,2
9074,2
2197,2
9326,2
5145,2
11421,2
8295,2
8761,2
8079,2
11760,2
8857,2
1301,2
6167,2
10728,2
10653,2
10849,2
10979,2
7975,2
6688,2
6425,2
10370,2
4754,2
3182,2
9639,2
9505,2
1897,2
360,2
11464,2
10117,2
1391,2
1803,2
4865,2
3990,2
8826,2
11541,2
9113,2
827,2
4536,2
10583,2
10443,2
4441,2
2490,2
2119,2
5326,2
4229,2
3619,2
6982,2
5095,2
3747,2
9826,2
1652,2
7901,2
9781,2
5249,2
5775,2
11604,2
6481,2
2891,2
8449,2
217,2
1718,2
8718,2
10409,2
11102,2
8622,2
8674,2
5211,2
1273,2
3100,2
6496,2
4345,2
5898,2
10261,2
6860,2
8226,2
1498,2
5813,2
11314,2
3058,2
1620,2
4623,2
6460,2
3699,2
1158,2
10763,2
950,2
8309,2
6902,2
8338,2
5641,2
307,2
6396,2
2157,2
11057,2
10176,2
6127,2
4376,2
8281,2
5030,2
10159,2
2665,2
3530,2
1445,2
999,2
2702,2
681,2
1048,2
6637,2
2037,2
3398,2
2925,2
10073,2
10205,2
5359,2
1241,2
4800,2
10475,2
10333,2
863,2
4580,2
11351,2
3141,2
5688,2
3017,2
5857,2
5432,2
6941,2
66,2
8529,2
5604,2
1126,2
2379,2
5061,2
8265,2
5973,2
8924,2
7838,2
6286,2
3840,2
4911,2
2388,2
6600,2
1769,2
3588,2
4453,2
4350,2
3316,2
1810,2
3710,2
961,2
3362,2
4632,2
873,2
2242,2
799,2
3541,2
915,2
644,2
9509,2
3448,2
1010,2
4835,2
9885,2
11065,2
4237,2
8679,2
1060,2
7105,2
11147,2
3904,2
4806,2
2045,2
6947,2
10217,2
4282,2
8632,2
9077,2
1509,2
8458,2
4091,2
11804,2
9647,2
6242,2
26,2
2495,2
1312,2
2600,2
4765,2
3491,2
6554,2
318,2
4498,2
3851,2
9196,2
1167,2
8966,2
5785,2
5105,2
2426,2
3666,2
10897,2
3997,2
8159,2
3951,2
4191,2
11767,2
11471,2
4315,2
11686,2
4589,2
3273,2
7182,2
3803,2
5742,2
1213,2
3191,2
5699,2
9366,2
10973,2
6197,2
7018,2
5494,2
11458,2
8852,2
10843,2
5893,2
5566,2
11345,2
5056,2
7058,2
5457,2
7456,2
9775,2
5426,2
11794,2
8359,2
8668,2
7214,2
9320,2
10936,2
5244,2
8756,2
5139,2
7092,2
5598,2
9592,2
7323,2
5286,2
10439,2
10542,2
10688,2
11503,2
8401,2
11600,2
7501,2
10365,2
6009,2
7662,2
11754,2
6162,2
8111,2
9409,2
10403,2
5931,2
8074,2
10612,2
5530,2
7765,2
5321,2
9069,2
9546,2
7367,2
7624,2
6896,2
7132,2
10327,2
11637,2
10066,2
7697,2
9452,2
3656,2
3265,2
6772,2
3742,2
2623,2
538,2
7540,2
1648,2
566,2
4484,2
5770,2
6683,2
1387,2
4705,2
3936,2
249,2
2376,2
6588,2
5089,2
3789,2
437,2
4907,2
302,2
4943,2
5355,2
10201,2
11135,2
4075,2
3525,2
1586,2
2194,2
1493,2
3096,2
4436,2
4861,2
4177,2
3305,2
8445,2
6047,2
11672,2
4028,2
3436,2
8149,2
675,2
1892,2
10758,2
1560,2
9867,2
1933,2
9971,2
1204,2
4224,2
4306,2
8562,2
5807,2
1799,2
628,2
1441,2
3137,2
2586,2
1093,2
1121,2
171,2
858,2
1297,2
3055,2
2660,2
1044,2
2333,2
2418,2
7168,2
3220,2
6540,2
3013,2
9634,2
2115,2
9230,2
2079,2
824,2
4129,2
14,2
1842,2
2887,2
4270,2
4750,2
8616,2
2817,2
10153,2
5727,2
10880,2
3576,2
761,2
2735,2
9820,2
474,2
3479,2
5852,2
1236,2
902,2
5393,2
1998,2
2517,2
6632,2
2299,2
3987,2
722,2
1715,2
2034,2
2696,2
3347,2
791,2
4795,2
596,2
2153,2
4666,2
3694,2
1340,2
8003,2
8277,2
7464,2
7969,2
260,2
7773,2
7670,2
8261,2
7798,2
8244,2
7509,2
7739,2
5024,2
7134,2
1212,2
7940,2
264,2
7865,2
7100,2
7066,2
8222,2
6904,2
7416,2
7026,2
8319,2
7832,2
400,2
9689,2
10510,2
10723,2
9187,2
9776,2
9070,2
10440,2
11310,2
11010,2
10579,2
8954,2
9108,2
11601,2
10137,2
11276,2
11385,2
9231,2
10689,2
10881,2
8524,2
8791,2
11185,2
8360,2
11755,2
11504,2
9593,2
11673,2
10067,2
9453,2
11459,2
9321,2
10404,2
11638,2
11136,2
11098,2
9635,2
10974,2
11231,2
10805,2
10290,2
9501,2
9927,2
10366,2
8563,2
9367,2
9868,2
8486,2
8822,2
8402,2
10759,2
4402,2
8669,2
11052,2
10471,2
9731,2
10649,2
9278,2
9821,2
11720,2
11569,2
10844,2
10543,2
9410,2
11795,2
8132,2
6182,2
7607,2
7954,2
4651,2
7438,2
4323,2
9257,2
9801,2
3040,2
3206,2
8382,2
7986,2
4515,2
4971,2
7076,2
6879,2
6212,2
7645,2
6262,2
4422,2
7151,2
1740,2
9345,2
5339,2
840,2
7748,2
1668,2
5191,2
3968,2
10383,2
5582,2
1916,2
3465,2
3871,2
9953,2
5225,2
4689,2
1874,2
3755,46
641,46
5650,46
912,46
870,46
958,46
3107,46
3023,46
3147,46
5103,46
4715,46
5863,46
6696,46
6645,46
1057,46
3538,46
3707,46
10894,46
4088,46
2386,46
1352,46
2932,46
2980,46
5981,46
6293,46
1513,46
7947,46
32,46
6136,46
7297,46
10224,46
4769,46
4544,46
1908,46
647,46
2566,46
4097,46
9939,46
322,46
4720,46
1015,46
11198,46
269,46
1859,46
7908,46
4502,46
9743,46
406,46
2531,46
9199,46
7261,46
9788,46
7336,46
2832,46
2790,46
2639,46
6654,46
7424,46
3453,46
9005,46
7470,46
5469,46
5506,46
9421,46
6094,46
224,46
7186,46
2012,46
6990,46
5297,46
9559,46
3808,46
6371,46
5152,46
5610,46
8580,46
2714,46
2750,46
5437,46
735,46
9514,46
8198,46
3668,46
7381,46
11474,46
9653,46
6827,46
9379,46
5065,46
5257,46
2988,46
1362,46
5575,46
185,46
270,46
271,46
5401,46
3582,46
1501,46
4801,46
3354,46
3486,46
2237,46
1900,46
1763,46
865,46
908,46
636,46
4035,46
3992,46
10766,46
4757,46
2594,46
3895,46
8963,46
7549,46
3621,46
4444,46
8625,46
8721,46
4674,46
9829,46
6324,46
4868,46
1002,46
684,46
4231,46
953,46
1805,46
8119,46
6547,46
2039,46
5734,46
1304,46
5816,46
5778,46
3020,46
3103,46
3312,46
1848,46
363,46
3184,46
3226,46
1161,46
11354,46
4278,46
2668,46
4136,46
3532,46
11682,46
11144,46
2459,46
11060,46
3701,46
11763,46
9979,46
2894,46
4184,46
2862,46
4625,46
8572,46
2705,46
310,46
2340,46
2381,46
2200,46
1347,46
2975,46
6691,46
9876,46
5976,46
841,9
5226,9
9757,9
2952,9
2251,9
338,9
807,9
4926,9
6263,9
6440,9
10384,9
9258,9
6107,9
2997,9
8425,9
1826,9
11164,9
10630,9
10669,9
3641,9
10954,9
6344,9
10452,9
8738,9
9905,9
5711,9
11115,9
3287,9
9850,9
9712,9
6801,9
10785,9
10489,9
9017,9
8595,9
3819,9
4254,9
2572,9
6501,9
2873,9
1633,9
520,9
1480,9
4388,9
234,9
4892,9
1600,9
4159,9
3872,9
488,9
5122,9
2214,9
1669,9
1427,9
4602,9
2438,9
2801,9
3725,9
10421,9
76,9
6666,9
4324,9
4291,9
10308,9
1027,9
10045,9
6570,9
9346,9
3379,9
704,9
3328,9
2063,9
4207,9
929,9
1953,9
4112,9
4555,9
6147,9
5009,9
4972,9
5270,9
2502,2
9851,2
10129,2
3970,2
1428,2
8596,2
6184,2
9906,2
8506,2
8834,2
611,2
521,2
580,2
1079,2
2536,2
10003,2
1741,2
46,2
8426,2
5227,2
458,2
1572,2
2361,2
10145,2
3561,2
9259,2
8937,2
2682,2
374,2
2573,2
2473,2
6264,2
3920,2
4927,2
1282,2
1634,2
11326,2
3774,2
10164,2
6717,2
5010,2
2215,2
1601,2
5307,2
9051,2
1221,2
8975,2
1985,2
1481,2
8540,2
1107,2
6802,2
746,2
8693,2
6667,2
9211,2
1455,2
1918,2
9018,2
1698,2
3288,2
1547,2
420,2
1323,2
77,2
775,2
1954,2
930,2
2177,2
285,2
5443,2
1827,2
6108,2
5583,2
5042,2
2101,2
5378,2
6571,2
8233,2
5995,2
2720,2
5952,2
888,2
4059,2
662,2
1784,2
6032,2
6148,2
4013,2
5340,2
5668,2
705,2
5619,2
2759,2
5839,2
4893,2
5480,2
339,2
5758,2
5712,2
6213,2
5123,2
5074,2
5918,2
2137,2
6824,5
5942,5
7181,5
6987,5
6907,5
6646,5
5698,5
6399,5
7467,5
6241,5
7257,5
7596,5
5823,5
7104,5
8083,5
6865,5
6698,5
6946,5
6019,5
6090,5
7707,5
6741,5
7142,5
8194,5
4094,5
6290,5
6781,5
7068,5
6205,5
8158,5
7419,5
7512,5
8123,5
7741,5
7553,5
5982,5
7775,5
5652,5
8013,5
6553,5
7293,5
7905,5
7841,5
7634,5
8044,5
7943,5
3067,5
3149,5
3757,5
2635,5
4281,5
3490,5
2786,5
1723,5
2463,5
4764,5
3709,5
1166,5
2982,5
2599,5
3190,5
2307,5
4588,5
2709,5
1904,5
1354,5
1059,5
4143,5
4631,5
960,5
3950,5
2125,5
914,5
2899,5
2241,5
2934,5
1809,5
2164,5
3587,5
2044,5
1768,5
4452,5
2562,5
3625,5
1009,5
4090,5
3996,5
4190,5
3903,5
1656,5
2089,5
3361,5
2867,5
4834,5
3025,5
3272,5
4314,5
2387,5
2746,5
1976,5
2009,5
4497,5
3802,5
317,5
11545,5
10815,5
8631,5
11728,5
11242,5
10216,5
9984,5
9241,5
10732,5
8724,5
11425,5
11357,5
8457,5
10415,5
11577,5
11470,5
9376,5
10077,5
10446,5
10337,5
9646,5
10519,5
9884,5
10478,5
9329,5
9697,5
10587,5
9508,5
9600,5
10298,5
11608,5
10552,5
10263,5
11064,5
11766,5
11019,5
8369,5
11105,5
10896,5
11146,5
11194,5
4995,23
7330,23
6427,23
7290,23
7373,23
5900,23
6690,23
5939,23
6778,23
4081,23
6738,23
5251,23
5434,23
8267,23
8283,23
6323,23
6287,23
7669,23
7772,23
5032,23
6462,23
8155,23
4058,23
8080,23
4012,23
8118,23
4867,23
5097,23
5147,23
8340,23
8325,23
8249,23
7175,23
6512,23
7508,23
5537,23
5464,23
7939,23
7902,23
7976,23
7871,23
7805,23
7463,23
7139,23
5182,23
5213,23
7595,23
7632,23
5606,23
8191,23
6903,23
6822,23
6638,23
6087,23
6129,23
4949,23
5361,23
5733,23
5815,23
5690,23
6521,23
7548,23
6483,23
6203,23
8965,46
1502,46
3186,46
6237,46
10210,46
3356,46
4759,46
1721,46
9878,46
2273,46
2239,46
1941,46
3445,46
3487,46
955,46
686,46
638,46
1004,46
1765,46
910,46
8121,46
2560,46
3703,46
2596,46
7551,46
4675,46
272,46
3994,46
4037,46
2087,46
2123,46
867,46
1807,46
6596,46
3403,46
3584,46
5693,46
5736,46
5779,46
3063,46
3145,46
3021,46
8454,46
2525,46
1162,46
1849,46
4493,46
5099,46
4803,46
3897,46
1974,46
2669,46
2633,46
4446,46
4186,46
9831,46
11765,46
11062,46
9644,46
1053,46
2864,46
3534,46
2007,46
8723,46
4627,46
10414,46
2744,46
2305,46
2383,46
3945,46
4084,46
6641,46
2976,46
6465,46
6693,46
3751,46
1349,46
2930,46
7177,46
4584,46
4951,46
3080,6
3162,6
1106,6
4272,6
2213,6
535,6
4756,6
1667,6
1894,6
816,6
1952,6
4581,6
4624,6
4312,6
4179,6
4230,6
1254,6
3873,6
4690,6
337,6
233,6
4346,6
11325,6
10044,6
8974,6
4490,6
7484,6
9432,6
9481,6
4556,6
4517,6
138,46
99,46
68,46
2271,46
798,46
1938,46
829,46
1001,46
952,46
907,46
2159,46
683,46
2593,46
2557,46
309,46
178,46
635,46
2084,46
2121,46
2339,46
1346,46
1500,46
1303,46
3143,46
3102,46
3019,46
3060,46
444,46
480,46
398,46
2492,46
2523,46
1128,46
2667,46
2630,46
1473,46
573,46
1688,46
603,46
2458,46
545,46
2004,46
1419,46
1447,46
2893,46
2782,46
2823,46
1275,46
1243,46
1210,46
1245,46
1160,46
2741,46
1541,46
4277,46
3400,46
729,46
2199,46
2927,46
9042,14
10655,14
10620,14
11543,14
11801,14
11726,14
11104,14
11681,14
11575,14
11644,14
10851,14
9783,14
10585,14
11509,14
10335,14
10945,14
10888,14
11353,14
10372,14
10445,14
11237,14
10697,14
9599,14
8531,14
10981,14
8676,14
8720,14
9552,14
10029,14
8962,14
9075,14
9641,14
9373,14
10813,14
9459,14
8367,14
8493,14
9238,14
9875,14
9192,14
9285,14
11466,14
11391,14
9327,14
10765,14
10207,14
8827,14
9737,14
8799,14
9001,14
8893,14
10144,14
8571,14
9150,14
8858,14
10411,14
10160,14
4309,4
5810,4
8619,4
5092,4
4798,4
11012,4
4863,4
8187,4
8306,4
5773,4
5729,4
4707,4
5971,4
5685,4
4227,4
10884,4
6542,4
3838,4
6230,4
3938,4
4833,4
4131,4
4405,4
8223,4
3988,4
3221,4
4533,4
11418,4
4374,4
3179,4
4621,4
3267,4
440,4
8278,4
7411,4
5208,4
6393,4
6011,4
6775,4
7868,4
7250,4
7700,4
5395,4
6938,4
5058,4
7459,4
7021,4
5896,4
8151,4
8006,4
7591,4
5246,4
6422,4
7216,4
6283,4
6635,4
6899,4
5934,4
5854,4
5027,4
7627,4
6509,4
7369,4
6478,4
5601,4
4990,4
5357,4
7972,4
8320,4
7285,4
6980,4
8245,4
5429,4
5142,4
7835,4
7935,4
5177,4
6164,4
6733,4
7543,4
6520,4
5323,4
7095,4
6363,4
7061,4
8076,4
6818,4
8262,4
7733,4
2268,4
541,4
1618,4
599,4
1970,4
949,4
2889,4
1416,4
2000,4
1299,4
998,4
4668,4
1470,4
3616,4
1717,4
95,4
725,4
2155,4
1562,4
2778,4
3439,4
1271,4
2858,4
3396,4
215,4
1495,4
2378,4
2117,4
2519,4
678,4
1801,4
3744,4
2335,4
1239,4
794,4
3057,4
1760,4
3658,4
304,4
2699,4
1047,4
1155,4
764,4
1443,4
64,4
630,4
1206,4
2420,4
358,4
252,4
2588,4
2233,4
134,4
1935,4
2819,4
477,4
3696,4
3481,4
2301,4
2625,4
2552,4
3578,4
3349,4
1390,4
174,4
2196,4
2036,4
1343,4
3139,4
2662,4
9110,4
10808,4
11505,4
9691,4
10615,4
10203,4
9929,4
11187,4
10331,4
9412,4
9870,4
10258,4
11829,4
9733,4
9548,4
9595,4
9071,4
10846,4
9038,4
8488,4
9778,4
9145,4
10406,4
8715,4
8854,4
8996,4
11721,4
11100,4
10139,4
10512,4
10581,4
10070,4
9502,4
9233,4
11797,4
9823,4
11278,4
8957,4
11312,4
10024,4
9323,4
10651,4
10940,4
11055,4
10291,4
8527,4
10546,4
9280,4
8671,4
8566,4
11571,4
11757,4
10977,4
10726,4
11139,4
10472,4
11233,4
10115,4
1595,3
6468,3
11069,3
3954,3
6653,3
6787,3
11150,3
10901,3
5657,3
5110,3
4719,3
2312,3
9989,3
10223,3
9652,3
1173,3
5368,3
2940,3
3713,3
2048,3
31,3
4917,3
4879,3
4768,3
5704,3
5789,3
3807,3
1065,3
9889,3
11248,3
3907,3
6702,3
965,3
4959,3
5748,3
8637,3
4140,3
6643,3
640,3
10212,3
4086,3
3947,3
4586,3
869,3
3847,3
3536,3
5101,3
5861,3
6466,3
3358,3
4677,3
262,3
5979,3
5034,3
181,3
4629,3
140,3
220,3
2978,3
24,3
688,3
6598,3
5820,3
3798,3
9880,3
4039,3
5695,3
4188,3
1006,3
4761,3
1055,3
5738,3
6695,3
5781,3
3899,3
957,3
4952,3
5864,3
3024,3
3189,3
3756,3
913,3
11063,3
6599,3
6552,3
9883,3
642,3
1353,3
1507,3
1058,3
4451,3
691,3
4678,3
871,3
1310,3
3849,3
4954,3
4235,3
3066,3
1008,3
4874,3
9832,3
3708,3
4587,3
7180,3
3949,3
5035,3
2981,3
3801,3
3902,3
4142,3
5697,3
7552,3
5740,3
10215,3
4089,3
5104,3
6240,3
4716,3
8630,3
6329,3
5783,3
2747,4
10898,4
2636,4
4092,4
2464,4
9556,4
7742,4
11426,4
7294,4
10479,4
10658,4
3150,4
2563,4
7258,4
4955,4
9510,4
7106,4
2528,4
9463,4
8726,4
11768,4
9740,4
7597,4
1905,4
3068,4
3192,4
11020,4
5607,4
11687,4
3905,4
11066,4
9078,4
2601,4
4499,4
3234,4
6648,4
3026,4
9044,4
3711,4
10553,4
2427,4
7873,4
9648,4
7673,4
8633,4
3449,4
6742,4
7420,4
319,4
1168,4
7635,4
11244,4
2935,4
3110,4
3759,4
1724,4
4807,4
6243,4
8195,4
9152,4
5903,4
5983,4
6400,4
8160,4
2166,4
6369,4
6020,4
7513,4
2389,4
10218,4
1855,4
7776,4
10769,4
6091,4
6774,3
9232,3
63,3
506,3
6634,3
6456,3
8956,3
10069,3
8526,3
4620,3
5141,3
568,3
5091,3
4989,3
5809,3
2969,3
1389,3
793,3
724,3
598,3
540,3
5895,3
16,3
5637,3
5772,3
8995,3
5026,3
1123,3
5600,3
357,3
1415,3
860,3
8565,3
948,3
9144,3
439,3
677,3
3438,3
10173,3
6685,3
7542,3
9830,2
4950,2
10814,2
9553,2
8677,2
7067,2
11683,2
2238,2
6236,2
5692,2
445,2
1305,2
11061,2
3844,2
6863,2
9417,2
1566,2
8964,2
4996,2
8828,2
2595,2
5362,2
11764,2
11802,2
100,2
10209,2
1901,2
8453,2
5252,2
1448,2
9784,2
7465,2
5033,2
4711,2
8722,2
4036,2
8120,2
10297,2
4492,2
4869,2
3796,2
1276,2
5502,2
3993,2
2272,2
2863,2
2632,2
2824,2
4802,2
1420,2
7140,2
8410,2
5817,2
1348,2
2929,2
4185,2
2706,2
1940,2
3185,2
7331,2
7774,2
6288,2
6595,2
7903,2
10889,2
9695,2
6548,2
10982,2
11727,2
3104,2
5735,2
6055,2
3313,2
3702,2
7941,2
399,2
6130,2
481,2
11193,2
11544,2
7840,2
7706,2
8573,2
8894,2
4348,2
7374,2
11018,2
10946,2
5645,2
9460,2
6088,2
3583,2
11576,2
604,2
8082,2
311,2
9286,2
179,2
3062,2
10120,2
8859,2
9239,2
9374,2
2493,2
4539,2
4758,2
9193,2
6017,2
8011,2
11284,2
4379,2
511,2
9643,2
574,2
7417,2
1052,2
3944,2
2161,2
8532,2
8312,2
7101,2
7550,2
4232,2
6640,2
5465,2
5402,2
2006,2
10551,2
4626,2
3271,2
5148,2
10161,2
4083,2
8927,2
5901,2
2341,2
8341,2
2086,2
9935,2
3227,2
909,2
4409,2
2382,2
11317,2
10076,2
6779,2
685,2
4445,2
6464,2
8192,2
3533,2
2040,2
866,2
6739,2
11239,2
830,2
5183,2
259,2
1129,2
1244,2
4583,2
10477,2
7510,2
6944,2
1623,2
6823,2
10518,2
5184,3
5367,3
5574,3
5504,3
6057,3
7422,3
4958,3
5064,3
5435,3
4878,3
5404,3
7334,3
5702,3
6021,3
7598,3
5944,3
6246,3
6092,3
5541,3
5827,3
5869,3
4916,3
5609,3
3318,3
223,3
577,3
1215,3
404,3
1594,3
2206,3
1247,3
3543,3
2985,3
3276,3
4591,3
1359,3
367,3
734,3
1626,3
2674,3
268,3
834,3
1658,3
4193,3
1063,3
11512,3
11107,3
10950,3
9987,3
9245,3
8729,3
11287,3
9650,3
8766,3
9887,3
10701,3
10854,3
11730,3
9466,3
9080,3
9512,3
11246,3
8635,3
10771,3
10376,3
10481,3
11360,3
6135,46
10031,46
29,46
6292,46
7335,46
10222,46
3365,46
2278,46
5436,46
3761,46
2207,46
6333,46
1907,46
1945,46
1013,46
6603,46
964,46
10900,46
10772,46
2565,46
3953,46
9156,46
7557,46
4455,46
102,46
1172,46
3853,46
7907,46
4718,46
8046,46
11428,46
2127,46
5656,46
1771,46
1812,46
2091,46
4240,46
2530,46
9467,46
4501,46
405,46
30,46
1978,46
6431,46
6173,46
2789,46
2831,46
5215,46
2638,46
5906,46
6652,46
5945,46
5870,46
6909,46
6868,46
3544,46
2939,46
9004,46
9331,46
10082,46
9378,46
9988,46
11149,46
9698,46
11690,46
6022,46
9742,46
9835,46
9288,46
9558,46
8681,46
8578,46
5788,46
5703,46
5747,46
5109,46
8860,46
8579,46
2311,46
3667,46
4635,46
5468,46
5505,46
5542,46
8197,46
4095,46
1360,46
8459,46
2986,46
5330,46
6786,46
9198,46
5256,46
1727,46
6826,46
8371,46
9787,46
6989,46
9246,46
6137,46
33,46
4721,46
7382,46
7298,46
5438,46
4918,46
6334,46
5507,46
1909,46
1946,46
1596,46
919,46
5659,46
1016,46
2169,46
648,46
2567,46
2605,46
7638,46
7425,46
9940,46
103,46
2049,46
6557,46
4049,46
4880,46
5749,46
5705,46
5830,46
3071,46
3029,46
2532,46
1860,46
9603,46
1979,46
3764,46
2640,46
5217,46
5872,46
3367,46
3546,46
9289,46
6206,46
6023,46
4960,46
5037,46
2013,46
5298,46
3909,46
6248,46
4770,46
5369,46
5406,46
2751,46
2715,46
3809,46
2314,46
225,46
4098,46
3955,46
5066,46
2989,46
1363,46
6788,46
6058,46
2942,46
6828,46
9200,46
5907,46
8048,46
10083,46
11249,46
9836,46
11475,46
9789,46
10903,46
11691,46
8495,46
5153,46
10032,46
9990,46
11199,46
9890,46
9699,46
10225,46
6089,46
4712,46
10211,46
3357,46
6131,46
6171,46
5466,46
5539,46
3488,46
1942,46
1808,46
6597,46
10891,46
868,46
911,46
4038,46
2561,46
4676,46
7375,46
2597,46
9240,46
4447,46
7511,46
3187,46
11469,46
313,46
9554,46
139,46
101,46
3229,46
4540,46
2240,46
1163,46
3898,46
9645,46
23,46
7904,46
7942,46
3995,46
2042,46
2088,46
687,46
8157,46
639,46
4234,46
1005,46
5647,46
2343,46
1307,46
3106,46
7141,46
3022,46
3146,46
7292,46
1850,46
2526,46
180,46
9461,46
4380,46
482,46
4494,46
401,46
446,46
8043,46
1975,46
9194,46
6429,46
4279,46
2826,46
2634,46
2670,46
5941,46
5902,46
4139,46
6740,46
3846,46
11607,46
6018,46
9076,46
3446,46
7178,46
2008,46
6986,46
4187,46
2865,46
5100,46
5780,46
5737,46
5694,46
7103,46
8012,46
7028,46
8193,46
8574,46
2745,46
2708,46
4804,46
2384,46
9507,46
7332,46
6326,46
3404,46
6864,46
2202,46
4085,46
9375,46
1350,46
4585,46
5329,46
6906,46
2977,46
5253,46
6780,46
1722,46
3623,46
8628,46
183,46
5978,46
4011,5
1739,5
10524,5
1695,5
660,5
1781,5
43,5
1253,5
2212,5
6343,5
839,5
334,5
8973,5
9952,5
7985,5
551,5
1077,5
10784,5
3640,5
1373,5
1188,5
9124,5
8692,5
1571,5
2680,5
5073,5
5040,5
2062,5
10953,5
4733,5
8870,5
8833,5
6031,5
9666,5
2904,5
1479,5
703,5
3559,5
7001,5
11517,5
4110,5
1398,5
744,5
4688,5
4158,5
1983,5
6259,5
6105,5
1915,5
2099,5
75,5
3286,5
9165,5
3378,5
1599,5
9904,5
152,5
774,5
10042,5
11400,5
2571,5
3159,5
11582,5
1105,5
8505,5
3463,5
9710,5
3868,5
8772,5
9343,5
8206,5
887,5
11484,5
10382,5
8935,5
5616,5
1220,5
9389,5
6302,5
10345,5
5951,5
11324,5
9800,5
2135,5
3918,5
10487,5
4817,5
8422,5
3599,5
6063,5
3419,5
10592,5
3967,5
8470,5
1871,5
610,5
6146,5
2437,5
11840,5
2872,5
1546,5
9755,5
8805,5
10823,5
231,5
10094,5
1453,5
5992,5
806,5
112,5
8018,5
3248,5
9848,5
10128,5
4467,5
9572,5
4253,5
11652,5
1281,5
9090,5
6211,5
5515,5
6374,5
8381,5
9209,5
281,5
7150,5
7390,5
7346,5
4514,5
5479,5
10305,5
11440,5
7481,5
4553,5
5269,5
4421,5
7606,5
2757,5
7074,5
7267,5
10628,5
7815,5
7848,5
7782,5
10990,5
7231,5
6714,5
5006,5
2800,5
8649,5
6438,5
8230,5
7569,5
8131,5
10559,5
6960,5
8252,5
11257,5
10666,5
7523,5
7196,5
2719,5
5189,5
6878,5
5302,5
6663,5
10420,5
5667,5
8271,5
6918,5
2610,5
7436,5
10269,5
11079,5
3773,5
3121,5
3818,5
2535,5
6839,5
3077,5
7916,5
3036,5
11810,5
7953,5
7713,5
11551,5
10860,5
4321,5
2843,5
11113,5
7115,5
5837,5
3678,5
2360,5
7747,5
11775,5
4360,5
10703,5
11163,5
4968,5
11702,5
11292,5
5374,5
11031,5
2501,5
7680,5
11210,5
3724,5
1632,2
8253,2
3037,2
282,2
8735,2
2951,2
7347,2
3078,2
5441,2
5303,2
10095,2
5617,2
5993,2
4969,2
153,2
6303,2
6260,2
6375,2
11114,2
7197,2
5916,2
9166,2
8254,2
8232,2
7348,2
7482,2
283,2
5376,2
6522,2
4970,2
5442,2
4818,2
9091,2
336,2
6261,2
5917,2
3039,2
4322,2
6799,2
6840,2
154,2
11032,2
5305,2
5618,4
4924,4
5007,4
6439,4
1782,4
7570,4
5338,4
5190,4
1666,4
7644,4
10306,4
11485,4
5304,4
1951,4
9344,4
10043,4
2250,4
6664,4
10002,4
8594,4
9667,4
5121,4
3464,4
8736,4
9016,4
10488,4
9300,4
9167,4
9711,4
5756,4
8424,4
9849,4
1872,4
5333,2
5155,2
4000,2
4961,2
5067,2
6096,2
4919,2
5261,2
4881,2
7473,2
6434,2
7561,2
5661,2
5407,2
6830,2
5185,2
7515,2
9081,4
8639,4
9892,4
9290,4
10662,4
10449,4
8969,4
10341,4
9655,4
9701,4
11071,4
9247,4
1627,4
11396,4
9516,4
3855,4
4809,4
4637,4
4593,4
10085,4
10301,4
408,4
9471,4
9422,4
10265,4
3236,4
10124,4
9942,4
9121,4
11647,4
11513,4
10378,4
9604,4
9046,4
10951,4
11250,4
9991,4
8930,4
8496,4
11289,4
8414,4
11837,4
10033,4
8683,4
10521,4
9790,4
10775,4
8830,4
9837,4
10736,4
3455,4
4545,4
10986,4
8582,4
8462,4
11731,4
10589,4
11431,4
4099,4
11547,4
10856,4
11807,4
8897,4
9334,4
4285,4
4355,4
11579,4
11201,4
4147,4
1067,3
2606,3
2170,3
1177,3
8583,3
7562,3
4882,3
9517,3
3856,3
4810,3
4638,3
7225,3
6705,3
9838,3
11154,3
9082,3
8730,3
7428,3
